feature,gain
f2,155.79904174804688
f3,9.355650901794434
f8,1.6951119899749756
f9,1.6241588592529297
f4,0.8177151679992676
